ccf_ap	ccf_dv	ccf_lr	allen_ontology
4432.3	4699.7	5002.3	LS
4428.4	4699.7	4970.6	LS
4431.3	4680	5018.6	LS
4427.3	4680	4986.8	LS
4426.3	4660.2	5003.1	LS
4422.4	4660.2	4971.3	LS
4425.3	4640.4	5019.3	LS
4421.4	4640.4	4987.5	LS
4420.4	4620.6	5003.8	LS
4416.5	4620.6	4972	LS
4419.4	4600.9	5020	LS
4415.5	4600.9	4988.3	LS
4414.5	4581.1	5004.5	LS
4410.5	4581.1	4972.8	LS
4413.5	4561.3	5020.8	LS
4409.5	4561.3	4989	LS
4408.5	4541.5	5005.3	LS
4404.6	4541.5	4973.5	LS
4407.5	4521.8	5021.5	LS
4403.6	4521.8	4989.7	LS
4402.6	4502	5006	LS
4398.7	4502	4974.2	LS
4401.6	4482.2	5022.2	LS
4397.7	4482.2	4990.5	LS
4396.7	4462.4	5006.7	LS
4392.7	4462.4	4975	LS
4395.6	4442.7	5023	LS
4391.7	4442.7	4991.2	LS
4390.7	4422.9	5007.5	LS
4386.8	4422.9	4975.7	LS
4389.7	4403.1	5023.7	LS
4385.8	4403.1	4991.9	LS
4384.8	4383.3	5008.2	LS
4380.9	4383.3	4976.4	LS
4383.8	4363.6	5024.4	LS
4379.9	4363.6	4992.7	LS
4374.9	4343.8	4977.2	LS
4377.8	4324	5025.2	LS
4373.9	4324	4993.4	LS
4372.9	4304.2	5009.7	LS
4369	4304.2	4977.9	LS
4371.9	4284.5	5025.9	LS
4368	4284.5	4994.1	LS
4367	4264.7	5010.4	LS
4363.1	4264.7	4978.6	LS
4366	4244.9	5026.6	LS
4362	4244.9	4994.9	LS
4361	4225.1	5011.1	LS
4357.1	4225.1	4979.4	LS
4360	4205.4	5027.4	LS
4356.1	4205.4	4995.6	LS
4355.1	4185.6	5011.9	LS
4351.2	4185.6	4980.1	LS
4354.1	4165.8	5028.1	LS
4350.2	4165.8	4996.3	LS
4349.2	4146	5012.6	LS
4345.2	4146	4980.8	LS
4348.2	4126.3	5028.8	LS
4344.2	4126.3	4997.1	LS
4343.2	4106.5	5013.3	LS
4339.3	4106.5	4981.6	LS
4342.2	4086.7	5029.6	LS
4338.3	4086.7	4997.8	LS
4337.3	4066.9	5014.1	LS
4333.4	4066.9	4982.3	LS
4336.3	4047.2	5030.3	LS
4332.4	4047.2	4998.5	LS
4331.4	4027.4	5014.8	LS
4327.4	4027.4	4983	LS
4330.3	4007.6	5031	LS
4326.4	4007.6	4999.3	LS
4325.4	3987.8	5015.5	LS
4321.5	3987.8	4983.8	LS
4324.4	3968.1	5031.8	LS
4319.5	3948.3	5016.3	LS
4315.6	3948.3	4984.5	LS
4318.5	3928.5	5032.5	LS
4314.6	3928.5	5000.7	LS
4313.5	3908.7	5017	LS
4309.6	3908.7	4985.2	LS
4312.5	3889	5033.2	LS
4308.6	3889	5001.5	LS
4307.6	3869.2	5017.7	LS
4303.7	3869.2	4986	LS
4306.6	3849.4	5034	LS
4302.7	3849.4	5002.2	LS
4301.7	3829.6	5018.5	LS
4297.8	3829.6	4986.7	LS
4300.7	3809.9	5034.7	LS
4296.7	3809.9	5002.9	LS
4295.7	3790.1	5019.2	LS
4291.8	3790.1	4987.4	LS
4294.7	3770.3	5035.4	LS
4290.8	3770.3	5003.7	LS
4289.8	3750.5	5019.9	LS
4285.9	3750.5	4988.2	LS
4288.8	3730.8	5036.2	LS
4284.9	3730.8	5004.4	LS
4283.9	3711	5020.7	LS
4279.9	3711	4988.9	LS
4282.9	3691.2	5036.9	LS
4278.9	3691.2	5005.1	LS
4277.9	3671.4	5021.4	LS
4274	3671.4	4989.6	LS
4276.9	3651.7	5037.6	LS
4273	3651.7	5005.9	LS
4272	3631.9	5022.1	LS
4268.1	3631.9	4990.4	LS
4271	3612.1	5038.4	LS
4267.1	3612.1	5006.6	LS
4262.1	3592.3	4991.1	LS
4265.1	3572.6	5039.1	LS
4261.1	3572.6	5007.3	LS
4260.1	3552.8	5023.6	LS
4256.2	3552.8	4991.8	LS
4259.1	3533	5039.8	LS
4255.2	3533	5008.1	LS
4254.2	3513.2	5024.3	LS
4250.3	3513.2	4992.6	LS
4253.2	3493.5	5040.6	LS
4249.3	3493.5	5008.8	root
4248.2	3473.7	5025.1	root
4244.3	3473.7	4993.3	root
4247.2	3453.9	5041.3	root
4243.3	3453.9	5009.5	root
4242.3	3434.1	5025.8	root
4238.4	3434.1	4994	root
4241.3	3414.4	5042	root
4237.4	3414.4	5010.3	root
4236.4	3394.6	5026.5	root
4232.5	3394.6	4994.8	root
4235.4	3374.8	5042.8	root
4231.4	3374.8	5011	root
4230.4	3355	5027.3	root
4226.5	3355	4995.5	root
4229.4	3335.3	5043.5	root
4225.5	3335.3	5011.7	root
4224.5	3315.5	5028	root
4220.6	3315.5	4996.2	root
4223.5	3295.7	5044.2	root
4219.6	3295.7	5012.5	root
4218.6	3275.9	5028.7	root
4214.6	3275.9	4997	root
4217.6	3256.2	5045	root
4213.6	3256.2	5013.2	root
4212.6	3236.4	5029.5	root
4208.7	3236.4	4997.7	root
4211.6	3216.6	5045.7	root
4206.7	3196.8	5030.2	root
4202.8	3196.8	4998.4	root
4205.7	3177.1	5046.4	root
4201.8	3177.1	5014.7	root
4200.8	3157.3	5030.9	root
4196.8	3157.3	4999.2	root
4199.8	3137.5	5047.2	root
4195.8	3137.5	5015.4	root
4194.8	3117.7	5031.7	root
4190.9	3117.7	4999.9	root
4193.8	3098	5047.9	root
4189.9	3098	5016.1	root
4188.9	3078.2	5032.4	root
4185	3078.2	5000.6	root
4187.9	3058.4	5048.6	root
4184	3058.4	5016.9	root
4183	3038.6	5033.1	root
4179	3038.6	5001.4	root
4181.9	3018.9	5049.4	root
4178	3018.9	5017.6	root
4177	2999.1	5033.9	root
4173.1	2999.1	5002.1	root
4176	2979.3	5050.1	ACA
4172.1	2979.3	5018.3	ACA
4171.1	2959.5	5034.6	ACA
4167.2	2959.5	5002.8	ACA
4170.1	2939.8	5050.8	ACA
4166.1	2939.8	5019.1	ACA
4165.1	2920	5035.3	ACA
4161.2	2920	5003.6	ACA
4164.1	2900.2	5051.6	ACA
4160.2	2900.2	5019.8	ACA
4159.2	2880.4	5036	ACA
4155.3	2880.4	5004.3	ACA
4158.2	2860.7	5052.3	ACA
4154.3	2860.7	5020.5	ACA
4149.3	2840.9	5005	ACA
4152.3	2821.1	5053	ACA
4148.3	2821.1	5021.3	ACA
4147.3	2801.3	5037.5	ACA
4143.4	2801.3	5005.8	ACA
4146.3	2781.6	5053.8	ACA
4142.4	2781.6	5022	ACA
4141.4	2761.8	5038.2	ACA
4137.5	2761.8	5006.5	ACA
4140.4	2742	5054.5	ACA
4136.5	2742	5022.7	ACA
4135.5	2722.2	5039	ACA
4131.5	2722.2	5007.2	ACA
4134.5	2702.5	5055.2	ACA
4130.5	2702.5	5023.5	ACA
4129.5	2682.7	5039.7	ACA
4125.6	2682.7	5008	ACA
4128.5	2662.9	5056	ACA
4124.6	2662.9	5024.2	ACA
4123.6	2643.1	5040.4	ACA
4119.7	2643.1	5008.7	ACA
4122.6	2623.4	5056.7	ACA
4118.7	2623.4	5024.9	ACA
4117.7	2603.6	5041.2	ACA
4113.7	2603.6	5009.4	ACA
4116.6	2583.8	5057.4	ACA
4112.7	2583.8	5025.7	ACA
4111.7	2564	5041.9	ACA
4107.8	2564	5010.2	ACA
4110.7	2544.3	5058.2	ACA
4106.8	2544.3	5026.4	ACA
4105.8	2524.5	5042.6	ACA
4101.9	2524.5	5010.9	ACA
4104.8	2504.7	5058.9	ACA
4100.9	2504.7	5027.1	ACA
4099.8	2484.9	5043.4	ACA
4095.9	2484.9	5011.6	ACA
4098.8	2465.2	5059.6	ACA
4093.9	2445.4	5044.1	ACA
4090	2445.4	5012.4	ACA
4092.9	2425.6	5060.4	ACA
4089	2425.6	5028.6	ACA
4088	2405.8	5044.8	ACA
4084	2405.8	5013.1	ACA
4087	2386.1	5061.1	ACA
4083	2386.1	5029.3	ACA
4082	2366.3	5045.6	ACA
4078.1	2366.3	5013.8	ACA
4081	2346.5	5061.8	ACA
4077.1	2346.5	5030.1	ACA
4076.1	2326.7	5046.3	ACA
4072.2	2326.7	5014.6	ACA
4075.1	2307	5062.6	ACA
4071.2	2307	5030.8	ACA
4070.2	2287.2	5047	ACA
4066.2	2287.2	5015.3	ACA
4069.2	2267.4	5063.3	ACA
4065.2	2267.4	5031.5	ACA
4064.2	2247.6	5047.8	ACA
4060.3	2247.6	5016	ACA
4063.2	2227.9	5064	ACA
4059.3	2227.9	5032.3	ACA
4058.3	2208.1	5048.5	ACA
4054.4	2208.1	5016.8	ACA
4057.3	2188.3	5064.8	ACA
4053.4	2188.3	5033	ACA
4052.4	2168.5	5049.2	ACA
4048.4	2168.5	5017.5	ACA
4051.3	2148.8	5065.5	ACA
4047.4	2148.8	5033.7	ACA
4046.4	2129	5050	ACA
4042.5	2129	5018.2	ACA
4045.4	2109.2	5066.2	ACA
4041.5	2109.2	5034.5	ACA
4036.6	2089.4	5019	ACA
4039.5	2069.7	5067	ACA
4035.6	2069.7	5035.2	MOs
4034.5	2049.9	5051.4	MOs
4030.6	2049.9	5019.7	MOs
4033.5	2030.1	5067.7	MOs
4029.6	2030.1	5035.9	MOs
4028.6	2010.3	5052.2	MOs
4024.7	2010.3	5020.4	MOs
4027.6	1990.6	5068.4	MOs
4023.7	1990.6	5036.7	MOs
4022.7	1970.8	5052.9	MOs
4018.8	1970.8	5021.2	MOs
4021.7	1951	5069.2	MOs
4017.7	1951	5037.4	MOs
4016.7	1931.2	5053.6	MOs
4012.8	1931.2	5021.9	MOs
4015.7	1911.5	5069.9	MOs
4011.8	1911.5	5038.1	MOs
4010.8	1891.7	5054.4	MOs
4006.9	1891.7	5022.6	MOs
4009.8	1871.9	5070.6	MOs
4005.9	1871.9	5038.9	MOs
4004.9	1852.1	5055.1	MOs
4000.9	1852.1	5023.4	MOs
4003.9	1832.4	5071.4	MOs
3999.9	1832.4	5039.6	MOs
3998.9	1812.6	5055.8	MOs
3995	1812.6	5024.1	MOs
3997.9	1792.8	5072.1	MOs
3994	1792.8	5040.3	MOs
3993	1773	5056.6	MOs
3989.1	1773	5024.8	MOs
3992	1753.3	5072.8	MOs
3988.1	1753.3	5041.1	MOs
3987.1	1733.5	5057.3	MOs
3983.1	1733.5	5025.6	MOs
3986	1713.7	5073.6	MOs
3981.1	1693.9	5058	MOs
3977.2	1693.9	5026.3	MOs
3980.1	1674.2	5074.3	MOs
3976.2	1674.2	5042.5	MOs
3975.2	1654.4	5058.8	MOs
3971.3	1654.4	5027	MOs
3974.2	1634.6	5075	MOs
3970.3	1634.6	5043.3	MOs
3969.2	1614.8	5059.5	MOs
3965.3	1614.8	5027.8	MOs
3968.2	1595.1	5075.8	MOs
3964.3	1595.1	5044	MOs
3963.3	1575.3	5060.2	MOs
3959.4	1575.3	5028.5	MOs
3962.3	1555.5	5076.5	MOs
3958.4	1555.5	5044.7	MOs
3957.4	1535.7	5061	MOs
3953.5	1535.7	5029.2	MOs
3956.4	1516	5077.2	MOs
3952.4	1516	5045.5	MOs
3951.4	1496.2	5061.7	MOs
3947.5	1496.2	5029.9	MOs
3950.4	1476.4	5078	MOs
3946.5	1476.4	5046.2	MOs
3945.5	1456.6	5062.4	MOs
3941.6	1456.6	5030.7	MOs
3944.5	1436.9	5078.7	MOs
3940.6	1436.9	5046.9	MOs
3939.6	1417.1	5063.2	MOs
3935.6	1417.1	5031.4	MOs
3938.6	1397.3	5079.4	MOs
3934.6	1397.3	5047.7	MOs
3933.6	1377.5	5063.9	MOs
3929.7	1377.5	5032.1	MOs
3932.6	1357.8	5080.2	MOs
3928.7	1357.8	5048.4	MOs
3923.8	1338	5032.9	MOs
3926.7	1318.2	5080.9	MOs
3922.8	1318.2	5049.1	MOs
3921.8	1298.4	5065.4	MOs
3917.8	1298.4	5033.6	MOs
3920.8	1278.7	5081.6	MOs
3916.8	1278.7	5049.9	MOs
3915.8	1258.9	5066.1	MOs
3911.9	1258.9	5034.3	MOs
3914.8	1239.1	5082.4	MOs
3910.9	1239.1	5050.6	MOs
3909.9	1219.3	5066.8	MOs
3906	1219.3	5035.1	MOs
3908.9	1199.6	5083.1	MOs
3905	1199.6	5051.3	MOs
3903.9	1179.8	5067.6	MOs
3900	1179.8	5035.8	MOs
3902.9	1160	5083.8	MOs
3899	1160	5052.1	MOs
3898	1140.2	5068.3	MOs
3894.1	1140.2	5036.5	MOs
3897	1120.4	5084.6	MOs
3893.1	1120.4	5052.8	MOs
3892.1	1100.7	5069	MOs
3888.2	1100.7	5037.3	MOs
3891.1	1080.9	5085.3	MOs
3887.1	1080.9	5053.5	MOs
3886.1	1061.1	5069.8	MOs
3882.2	1061.1	5038	root
3885.1	1041.3	5086	root
3881.2	1041.3	5054.3	root
3880.2	1021.6	5070.5	root
3876.3	1021.6	5038.7	root
3879.2	1001.8	5086.8	root
3875.3	1001.8	5055	root
3874.3	982	5071.2	root
3870.3	982	5039.5	root
3873.3	962.2	5087.5	root
3868.3	942.5	5072	root
3864.4	942.5	5040.2	root
3867.3	922.7	5088.2	root
3863.4	922.7	5056.5	root
8775.3	4709.1	3127.7	CA3
8794.8	4709.1	3153.1	CA3
8769.9	4689.9	3111.7	CA3
8789.4	4689.9	3137.1	CA3
8784	4670.7	3121.1	CA3
8803.5	4670.7	3146.4	CA3
8778.6	4651.4	3105	CA3
8798.1	4651.4	3130.4	CA3
8792.7	4632.2	3114.4	CA3
8812.2	4632.2	3139.8	CA3
8787.3	4613	3098.3	CA3
8806.8	4613	3123.7	CA3
8801.4	4593.7	3107.7	CA3
8820.8	4593.7	3133.1	CA3
8796	4574.5	3091.7	CA3
8815.4	4574.5	3117.1	CA3
8810.1	4555.3	3101	CA3
8829.5	4555.3	3126.4	CA3
8804.7	4536	3085	CA3
8824.1	4536	3110.4	CA3
8818.7	4516.8	3094.4	CA3
8838.2	4516.8	3119.7	CA3
8813.3	4497.6	3078.3	CA3
8832.8	4497.6	3103.7	CA3
8827.4	4478.3	3087.7	CA3
8846.9	4478.3	3113.1	CA3
8822	4459.1	3071.6	CA3
8841.5	4459.1	3097	CA3
8836.1	4439.9	3081	CA3
8855.6	4439.9	3106.4	CA3
8830.7	4420.6	3065	CA3
8850.2	4420.6	3090.4	CA3
8844.8	4401.4	3074.3	CA3
8864.3	4401.4	3099.7	CA3
8839.4	4382.2	3058.3	DG
8858.9	4382.2	3083.7	DG
8873	4362.9	3093	DG
8848.1	4343.7	3051.6	DG
8867.6	4343.7	3077	DG
8862.2	4324.5	3061	DG
8881.7	4324.5	3086.4	DG
8856.8	4305.2	3045	DG
8876.3	4305.2	3070.3	DG
8870.9	4286	3054.3	DG
8890.4	4286	3079.7	DG
8865.5	4266.8	3038.3	DG
8885	4266.8	3063.7	DG
8879.6	4247.5	3047.6	DG
8899.1	4247.5	3073	DG
8874.2	4228.3	3031.6	DG
8893.7	4228.3	3057	DG
8888.3	4209	3041	DG
8907.8	4209	3066.3	DG
8882.9	4189.8	3024.9	DG
8902.4	4189.8	3050.3	DG
8897	4170.6	3034.3	DG
8916.5	4170.6	3059.7	DG
8891.6	4151.3	3018.3	DG
8911.1	4151.3	3043.6	DG
8905.7	4132.1	3027.6	DG
8925.2	4132.1	3053	DG
8900.3	4112.9	3011.6	DG
8919.8	4112.9	3037	DG
8914.4	4093.6	3020.9	DG
8933.9	4093.6	3046.3	DG
8909	4074.4	3004.9	DG
8928.5	4074.4	3030.3	DG
8923.1	4055.2	3014.3	DG
8942.6	4055.2	3039.6	DG
8917.7	4035.9	2998.2	DG
8937.2	4035.9	3023.6	DG
8931.8	4016.7	3007.6	DG
8951.3	4016.7	3033	DG
8926.4	3997.5	2991.6	DG
8940.5	3978.2	3000.9	DG
8959.9	3978.2	3026.3	DG
8935.1	3959	2984.9	DG
8954.6	3959	3010.3	DG
8949.2	3939.8	2994.2	DG
8968.6	3939.8	3019.6	DG
8943.8	3920.5	2978.2	DG
8963.2	3920.5	3003.6	DG
8957.9	3901.3	2987.6	DG
8977.3	3901.3	3012.9	DG
8952.5	3882.1	2971.5	DG
8971.9	3882.1	2996.9	DG
8966.5	3862.8	2980.9	DG
8986	3862.8	3006.3	DG
8961.1	3843.6	2964.9	DG
8980.6	3843.6	2990.2	DG
8975.2	3824.4	2974.2	DG
8994.7	3824.4	2999.6	DG
8969.8	3805.1	2958.2	DG
8989.3	3805.1	2983.6	DG
8983.9	3785.9	2967.5	DG
9003.4	3785.9	2992.9	DG
8978.5	3766.7	2951.5	DG
8998	3766.7	2976.9	DG
8992.6	3747.4	2960.9	DG
9012.1	3747.4	2986.2	DG
8987.2	3728.2	2944.8	DG
9006.7	3728.2	2970.2	DG
9001.3	3709	2954.2	DG
9020.8	3709	2979.6	DG
8995.9	3689.7	2938.2	DG
9015.4	3689.7	2963.5	DG
9010	3670.5	2947.5	DG
9029.5	3670.5	2972.9	DG
9004.6	3651.2	2931.5	DG
9024.1	3651.2	2956.9	DG
9038.2	3632	2966.2	DG
9013.3	3612.8	2924.8	DG
9032.8	3612.8	2950.2	DG
9027.4	3593.5	2934.2	DG
9046.9	3593.5	2959.5	DG
9022	3574.3	2918.1	DG
9041.5	3574.3	2943.5	DG
9036.1	3555.1	2927.5	DG
9055.6	3555.1	2952.9	DG
9030.7	3535.8	2911.5	DG
9050.2	3535.8	2936.8	root
9044.8	3516.6	2920.8	root
9064.3	3516.6	2946.2	root
9039.4	3497.4	2904.8	root
9058.9	3497.4	2930.2	root
9053.5	3478.1	2914.1	root
9073	3478.1	2939.5	root
9048.1	3458.9	2898.1	root
9067.6	3458.9	2923.5	root
9062.2	3439.7	2907.5	root
9081.7	3439.7	2932.8	root
9056.8	3420.4	2891.4	root
9076.3	3420.4	2916.8	root
9070.9	3401.2	2900.8	root
9090.4	3401.2	2926.2	root
9065.5	3382	2884.8	root
9085	3382	2910.1	root
9079.6	3362.7	2894.1	root
9099.1	3362.7	2919.5	root
9074.2	3343.5	2878.1	root
9093.7	3343.5	2903.5	root
9088.3	3324.3	2887.4	root
9107.7	3324.3	2912.8	root
9082.9	3305	2871.4	root
9102.4	3305	2896.8	root
9097	3285.8	2880.8	root
9116.4	3285.8	2906.1	root
9091.6	3266.6	2864.7	root
9105.6	3247.3	2874.1	root
9125.1	3247.3	2899.5	root
9100.3	3228.1	2858.1	root
9119.7	3228.1	2883.4	root
9114.3	3208.9	2867.4	root
9133.8	3208.9	2892.8	root
9108.9	3189.6	2851.4	root
9128.4	3189.6	2876.8	root
9123	3170.4	2860.7	root
9142.5	3170.4	2886.1	root
9117.6	3151.2	2844.7	root
9137.1	3151.2	2870.1	root
9131.7	3131.9	2854.1	root
9151.2	3131.9	2879.4	root
9126.3	3112.7	2838	root
9145.8	3112.7	2863.4	root
9140.4	3093.4	2847.4	root
9159.9	3093.4	2872.8	root
9135	3074.2	2831.4	root
9154.5	3074.2	2856.7	root
9149.1	3055	2840.7	root
9168.6	3055	2866.1	root
9143.7	3035.7	2824.7	root
9163.2	3035.7	2850.1	root
9157.8	3016.5	2834	root
9177.3	3016.5	2859.4	root
9152.4	2997.3	2818	root
9171.9	2997.3	2843.4	root
9166.5	2978	2827.4	root
9186	2978	2852.7	root
9161.1	2958.8	2811.3	root
9180.6	2958.8	2836.7	root
9175.2	2939.6	2820.7	root
9194.7	2939.6	2846.1	root
9169.8	2920.3	2804.7	root
9189.3	2920.3	2830	root
9203.4	2901.1	2839.4	root
9178.5	2881.9	2798	root
9198	2881.9	2823.4	root
9192.6	2862.6	2807.3	root
9212.1	2862.6	2832.7	root
9187.2	2843.4	2791.3	root
9206.7	2843.4	2816.7	SUB
9201.3	2824.2	2800.7	SUB
9220.8	2824.2	2826	SUB
9195.9	2804.9	2784.6	SUB
9215.4	2804.9	2810	SUB
9210	2785.7	2794	SUB
9229.5	2785.7	2819.4	SUB
9204.6	2766.5	2778	SUB
9224.1	2766.5	2803.3	SUB
9218.7	2747.2	2787.3	SUB
9238.2	2747.2	2812.7	SUB
9213.3	2728	2771.3	SUB
9232.8	2728	2796.7	SUB
9227.4	2708.8	2780.6	SUB
9246.9	2708.8	2806	SUB
9222	2689.5	2764.6	SUB
9241.5	2689.5	2790	SUB
9236.1	2670.3	2774	SUB
9255.5	2670.3	2799.3	SUB
9230.7	2651.1	2757.9	SUB
9250.2	2651.1	2783.3	SUB
9244.8	2631.8	2767.3	SUB
9264.2	2631.8	2792.7	SUB
9239.4	2612.6	2751.3	SUB
9258.8	2612.6	2776.6	SUB
9253.4	2593.4	2760.6	SUB
9272.9	2593.4	2786	SUB
9248.1	2574.1	2744.6	SUB
9267.5	2574.1	2770	SUB
9262.1	2554.9	2753.9	SUB
9281.6	2554.9	2779.3	SUB
9256.7	2535.6	2737.9	SUB
9270.8	2516.4	2747.3	SUB
9290.3	2516.4	2772.7	SUB
9265.4	2497.2	2731.2	SUB
9284.9	2497.2	2756.6	SUB
9279.5	2477.9	2740.6	SUB
9299	2477.9	2766	SUB
9274.1	2458.7	2724.6	SUB
9293.6	2458.7	2749.9	SUB
9288.2	2439.5	2733.9	SUB
9307.7	2439.5	2759.3	SUB
9282.8	2420.2	2717.9	SUB
9302.3	2420.2	2743.3	SUB
9296.9	2401	2727.2	SUB
9316.4	2401	2752.6	SUB
9291.5	2381.8	2711.2	SUB
9311	2381.8	2736.6	SUB
9305.6	2362.5	2720.6	SUB
9325.1	2362.5	2746	SUB
9300.2	2343.3	2704.5	SUB
9319.7	2343.3	2729.9	SUB
9314.3	2324.1	2713.9	SUB
9333.8	2324.1	2739.3	SUB
9308.9	2304.8	2697.9	SUB
9328.4	2304.8	2723.2	SUB
9323	2285.6	2707.2	SUB
9342.5	2285.6	2732.6	SUB
9317.6	2266.4	2691.2	SUB
9337.1	2266.4	2716.6	SUB
9331.7	2247.1	2700.5	root
9351.2	2247.1	2725.9	root
9326.3	2227.9	2684.5	root
9345.8	2227.9	2709.9	root
9340.4	2208.7	2693.9	root
9359.9	2208.7	2719.3	root
9335	2189.4	2677.8	root
9354.5	2189.4	2703.2	root
9368.6	2170.2	2712.6	root
9343.7	2151	2671.2	root
9363.2	2151	2696.6	VISp
9357.8	2131.7	2680.5	VISp
9377.3	2131.7	2705.9	VISp
9352.4	2112.5	2664.5	VISp
9371.9	2112.5	2689.9	VISp
9366.5	2093.3	2673.8	VISp
9386	2093.3	2699.2	VISp
9361.1	2074	2657.8	VISp
9380.6	2074	2683.2	VISp
9375.2	2054.8	2667.2	VISp
9394.7	2054.8	2692.6	VISp
9369.8	2035.6	2651.1	VISp
9389.3	2035.6	2676.5	VISp
9383.9	2016.3	2660.5	VISp
9403.3	2016.3	2685.9	VISp
9378.5	1997.1	2644.5	VISp
9397.9	1997.1	2669.9	VISp
9392.6	1977.8	2653.8	VISp
9412	1977.8	2679.2	VISp
9387.2	1958.6	2637.8	VISp
9406.6	1958.6	2663.2	VISp
9401.2	1939.4	2647.1	VISp
9420.7	1939.4	2672.5	VISp
9395.9	1920.1	2631.1	VISp
9415.3	1920.1	2656.5	VISp
9409.9	1900.9	2640.5	VISp
9429.4	1900.9	2665.9	VISp
9404.5	1881.7	2624.4	VISp
9424	1881.7	2649.8	VISp
9418.6	1862.4	2633.8	VISp
9438.1	1862.4	2659.2	VISp
9413.2	1843.2	2617.8	VISp
9432.7	1843.2	2643.2	VISp
9427.3	1824	2627.1	VISp
9446.8	1824	2652.5	VISp
9421.9	1804.7	2611.1	VISp
9436	1785.5	2620.4	VISp
9455.5	1785.5	2645.8	VISp
9430.6	1766.3	2604.4	VISp
9450.1	1766.3	2629.8	VISp
9444.7	1747	2613.8	VISp
9464.2	1747	2639.2	VISp
9439.3	1727.8	2597.7	VISp
9458.8	1727.8	2623.1	VISp
9453.4	1708.6	2607.1	VISp
9472.9	1708.6	2632.5	VISp
9448	1689.3	2591.1	VISp
9467.5	1689.3	2616.5	VISp
9462.1	1670.1	2600.4	VISp
9481.6	1670.1	2625.8	VISp
9456.7	1650.9	2584.4	VISp
9476.2	1650.9	2609.8	VISp
9470.8	1631.6	2593.8	VISp
9490.3	1631.6	2619.1	VISp
9465.4	1612.4	2577.7	VISp
9484.9	1612.4	2603.1	VISp
9479.5	1593.2	2587.1	VISp
9499	1593.2	2612.5	VISp
9474.1	1573.9	2571	VISp
9493.6	1573.9	2596.4	VISp
9488.2	1554.7	2580.4	VISp
9507.7	1554.7	2605.8	VISp
9482.8	1535.5	2564.4	VISp
9502.3	1535.5	2589.8	VISp
9496.9	1516.2	2573.7	VISp
9516.4	1516.2	2599.1	VISp
9491.5	1497	2557.7	VISp
9511	1497	2583.1	VISp
9505.6	1477.8	2567.1	VISp
9525.1	1477.8	2592.4	VISp
9500.2	1458.5	2551	VISp
9519.7	1458.5	2576.4	VISp
9533.8	1439.3	2585.8	VISp
9508.9	1420	2544.3	VISp
9528.4	1420	2569.7	VISp
9523	1400.8	2553.7	VISp
9542.5	1400.8	2579.1	VISp
9517.6	1381.6	2537.7	VISp
9537.1	1381.6	2563.1	VISp
9531.7	1362.3	2547	VISp
9551.1	1362.3	2572.4	VISp
9526.3	1343.1	2531	VISp
9545.7	1343.1	2556.4	VISp
9540.4	1323.9	2540.4	VISp
9559.8	1323.9	2565.7	VISp
9535	1304.6	2524.3	VISp
9554.4	1304.6	2549.7	VISp
9549	1285.4	2533.7	VISp
9568.5	1285.4	2559.1	VISp
9543.6	1266.2	2517.6	VISp
9563.1	1266.2	2543	VISp
9557.7	1246.9	2527	VISp
9577.2	1246.9	2552.4	VISp
9552.3	1227.7	2511	VISp
9571.8	1227.7	2536.4	VISp
9566.4	1208.5	2520.3	VISp
9585.9	1208.5	2545.7	VISp
9561	1189.2	2504.3	VISp
9580.5	1189.2	2529.7	VISp
9575.1	1170	2513.7	VISp
9594.6	1170	2539	VISp
9569.7	1150.8	2497.6	VISp
9589.2	1150.8	2523	VISp
9583.8	1131.5	2507	VISp
9603.3	1131.5	2532.4	VISp
9578.4	1112.3	2491	VISp
9597.9	1112.3	2516.3	VISp
9592.5	1093.1	2500.3	VISp
9612	1093.1	2525.7	VISp
9587.1	1073.8	2484.3	VISp
9601.2	1054.6	2493.6	root
9620.7	1054.6	2519	root
9595.8	1035.4	2477.6	root
9615.3	1035.4	2503	root
